will covid stay and last forever,Speculation
will covid ever go away,Speculation
was covid predicted,Speculation
when covid will be over,Speculation
will covid be gone this year,Speculation
when will the covid virus end,Speculation
will covid be a problem next year,Speculation
will all jobs come back fast once the covid pandemic is over,Speculation
how long will we have to keep social distancing,Speculation
will covid end soon,Speculation
will covid come back,Speculation
will covid go away in spring,Speculation
when will covid end and covid 20 start,Speculation
will there be a second wave of the covid infection,Speculation
is covid likely to be at pandemic proportions for two years,Speculation
what is the official end date to covid,Speculation
what would happen if we just let covid run its course and not practice social distancing,Speculation
will covid be gone by summer,Speculation
when covid end,Speculation
will covid die out,Speculation
can covid live on hair,Transmission
do people who recovered from covid infection develop resistance against subsequent infections,Transmission
are pets from a shelter safe to adopt,Transmission
is it safe to do grocery shopping in costco amidst covid,Transmission
can i go to the supermarket,Transmission
can someone who has had covid spread the illness to others,Transmission
can covid survive cold,Transmission
is it possible to spread the covid after recovering from it,Transmission
has anyone gotten covid twice (re infected),Transmission
am i at risk for serious complications from covid if i smoke cigarettes,Transmission
why covid is contagious,Transmission
after recovering from covid does a person have long term immunity to the virus,Transmission
can i get covid from a package sent from china,Transmission
can covid be transmitted through food,Transmission
can covid live in the freezer,Transmission
can household pets become infected with covid and then transmit it to other pets and human beings,Transmission
why exposure risk of covid is very high for icu staff and what precautions should be taken,Transmission
is covid seasonal,Transmission
can covid spread through food,Transmission
for whom does the covid pose a great threat,Transmission
what is the proper capitalization for covid,Nomenclature
what covid stands for,Nomenclature
what is the acronym covid,Nomenclature
why is covid called a novel virus,Nomenclature
who covid pandemic,Nomenclature
in covid what is the meaning of 19 here,Nomenclature
should covid be capitalized,Nomenclature
should covid be all caps,Nomenclature
what is covid disease 2019,Nomenclature
what covid stand for,Nomenclature
what is covid virus,Nomenclature
why covid name,Nomenclature
how covid got its name,Nomenclature
what is covid stand for,Nomenclature
what are covids,Nomenclature
what will be the breaking point that will declare covid a pandemic,Nomenclature
what is the genus of the sars covid,Nomenclature
where does the word covid come from,Nomenclature
shouldnt covid be declared as a pandemic,Nomenclature
why covid called covid,Nomenclature
have covid deaths peaked,Reporting
did covid peak,Reporting
why are the world politicians underestimating covid,Reporting
is the media hiding what is really going on in us hospitals amidst covid,Reporting
what are some rumors related to covid,Reporting
who covid mortality rate,Reporting
are covid cases going down,Reporting
are covid cases decreasing,Reporting
do you think the statistics on covid cases are underestimated,Reporting
are covid numbers going down,Reporting
is it true that covid is steadily declining,Reporting
do you think they will make a movie about covid,Reporting
can we expect new movies after covid,Reporting
what is the number of victims worldwide due to covid,Reporting
when was the first case of covid identified,Reporting
which covid model is best,Reporting
can someone contract covid and not die,Reporting
how effective is the measure of social distancing in the fight against covid,Reporting
does china give correct information to other countries on covid,Reporting
where and when was covid first identified,Reporting
what are the safety measures taken globally to prevent covid,Societal Response
are you panicking over the covid,Societal Response
why does the usa have more confirmed covid cases than china,Societal Response
since covid came out has it scared you,Societal Response
is trump managing well on covid,Societal Response
what is china doing to stop the spread of covid,Societal Response
why are people more concerned with going back to work than staying home until the covid virus improves,Societal Response
is covid a hoax,Societal Response
how scared are you about covid,Societal Response
is the fear around the covid overblown justified or too early to say,Societal Response
what is cdc doing about covid,Societal Response
what are the various steps countries are taking to contain the covid,Societal Response
how concerned are you about the covid that causes covid,Societal Response
why is the usa so ill equipped to deal with covid when its supposedly the most advanced nation on earth,Societal Response
what do you think of trumps idea to inject disinfectant into your body as a cure for covid,Societal Response
why has trump stated that injecting disinfectant will kill covid in a minute,Societal Response
what should health care providers laboratories and health departments do,Societal Response
is covid that bad,Societal Response
why is the us so far behind other countries with testing,Societal Response
do you think the covid outbreak is really serious,Societal Response
what are you now avoiding as a result of the covid outbreak,Societal Effects
how is the new covid disease going to affect the world,Societal Effects
how has covid affected your job or career so far,Societal Effects
how has covid impacted you so far,Societal Effects
how can i prepare in case my childs school child care facility or university is dismissed,Societal Effects
why doesnt china apologize for causing covid,Societal Effects
have your views towards china changed after the burst of covid,Societal Effects
could covid create world war like conditions,Societal Effects
how will covid affect our generation,Societal Effects
what would happen if trump tests positive for covid,Societal Effects
will covid end the world,Societal Effects
what happens if lockdown cant prevent from covid for a whole year especially that there is no vaccine and cure,Societal Effects
what would be the aftermath of the covid outbreak,Societal Effects
how is life before covid and after covid,Societal Effects
how do you think is the new normal going to look like in after covid days to come,Societal Effects
will the chinese government be held accountable in any way for the covid virus epidemic,Societal Effects
how has covid affected your everyday life,Societal Effects
how do you see china after the outbreak of covid,Societal Effects
how covid will change the world,Societal Effects
what will be some unexpected outcomes of the 2020 covid pandemic,Societal Effects
who is covid patient 0,Origin
was covid released on purpose,Origin
did covid come from bats,Origin
where covid come from,Origin
did covid come from pangolin,Origin
was covid weaponized,Origin
where covid really come from,Origin
is covid bioterrorism,Origin
what is a natural reservoir of covid,Origin
where covid originated,Origin
where covid came from,Origin
was covid man made,Origin
did covid escape from a research lab,Origin
did covid come from a lab,Origin
did covid start with a bat,Origin
is our destruction of nature responsible for covid,Origin
where covid originate,Origin
did covid start with bats,Origin
if covid wasnt engineered how did it develop,Origin
what is the true origin of the covid virus and is the wuhan bat snacking hypothesis credible,Origin
what disinfectants kill the covid virus,Prevention
will covid vaccines be effective since a recovered person can contract the virus again,Prevention
should i use a mask,Prevention
how can i make sure to not get affected with the novel covid virus,Prevention
what materials are you using to make homemade face masks for covid,Prevention
can hydrogen peroxide kill the covid virus,Prevention
how can i protect my child from a covid infection,Prevention
should i purchase personal protective equipment for me and my family,Prevention
can i use vodka as hand sanitizer,Prevention
should i get a face mask,Prevention
do masks help prevent the spread of covid,Prevention
how are you avoiding gaining the covid,Prevention
what company will produce the vaccine for covid,Prevention
if novel covid antibodies may or may not offer long term immunity how would a vaccine help,Prevention
is public transport best avoided given the covid outbreak,Prevention
should i wear a mask to protect myself,Prevention
if the h1n1 vaccine was developed so quickly why does the covid vaccine take so much time,Prevention
should i wear a facemask,Prevention
how do i keep safe from covid,Prevention
how do i stop covid,Prevention
why is it being advised to not take ibuprofen if one has covid,Treatment
what is the effect of chloroquine(cq) and hydroxychloroquine(hcq) on endosomal maturation and endocytosis in covid treatment,Treatment
should covid patients be intubated,Treatment
is there any cure for covid,Treatment
do chloroquine and azithromycin really work to handle severe cases of covid,Treatment
evidence of hydroxychloroquine(hcq) being anti inflammatory in covid critically ill patients with elevated plasma cytokines,Treatment
how should you treat the covid at home,Treatment
should i spray myself or my kids with disinfectant,Treatment
will a pneumonia or flu vaccine help protect against covid,Treatment
who will find the cure against the covid,Treatment
should covid patients take ibuprofen,Treatment
why is quinine effective in curing covid,Treatment
can quinine be taken to fight this covid virus,Treatment
should covid patients avoid ibuprofen,Treatment
who do you believe about using hydroxychloroquine to treat covid,Treatment
do covid patients on ventilators recover,Treatment
what is trumps motivation for promoting hydroxychloroquine as a covid treatment,Treatment
why wouldnt tamiflu help against covid,Treatment
why should you not take advil during the covid pandemic,Treatment
what is hydroxylchloroquine and is it effective in the treatment of covid,Treatment
why covid testing,Testing
is it imperative to be tested for covid,Testing
should i be tested for covid,Testing
are covid tests reliable,Testing
what type of test was initially developed to screen for covid,Testing
what could be the implication of covid virus in anal swabs,Testing
when to get tested for covid,Testing
why cant we just test everyone in the us,Testing
in addition to oral swabs which tests detected the presence of covid virus,Testing
should i get my pet tested for covid,Testing
which covid test is more accurate,Testing
what kind of test is being used to diagnose if i have covid,Testing
if antibody tests are not used for diagnosis or exclusion of covid infection what is their purpose,Testing
what is the relationship between the presence of virus in anal swabs and disease severity in covid,Testing
how covid test is done,Testing
why covid testing is important,Testing
how do testing kits for covid detect the virus,Testing
is there a test for covid,Testing
why are we still not testing everyone for covid,Testing
which covid antibody tests are accurate,Testing
what is the difference between seasonal flu and covid,Comparison
why worry about covid when the flu kills so many people,Comparison
which covid is sars,Comparison
how do i know if it is covid or just the common flu,Comparison
is covid the black death of the 21st century,Comparison
why covid is not the flu,Comparison
is covid worse than flu,Comparison
was there a covid 18 before covid,Comparison
is covid worse than the flu,Comparison
what happened to covid 1 18 and will there be a covid 20,Comparison
why covid is worse than flu,Comparison
has covid been around for a while,Comparison
why is covid nothing like the flu,Comparison
is the covid pandemic comparable to the black death pandemic,Comparison
has covid always existed,Comparison
why covid is different than the flu,Comparison
did covid exist years before scientists discovered it,Comparison
has covid been in humans for years,Comparison
whats the difference between covid and sars cov 2,Comparison
how can we distinguish covid from flu as a patient,Comparison
how can i make quick cash during the covid pandemic,Economic Effects
which sectors would create jobs following the covid pandemic,Economic Effects
is china gaining from the covid pandemic economically,Economic Effects
what investment strategies will be promising after the covid outbreak ends,Economic Effects
is it the right time to invest in the stock market as the market is unstable due to the covid fear,Economic Effects
will real estate prices go down with the covid panic,Economic Effects
how can i save money when i am working from home because of covid,Economic Effects
what damage to the economy will covid cause,Economic Effects
which stocks should i buy during the covid outbreak,Economic Effects
how will covid affect the financial market,Economic Effects
how is covid affecting peoples personal finance,Economic Effects
which is the best business to start amidst covid,Economic Effects
will covid trigger a global recession,Economic Effects
where should we invest after covid ends,Economic Effects
why are stock markets dipping in response to covid,Economic Effects
will there be a lot of layoffs in the tech industry due to the covid pandemic,Economic Effects
can you make money online during covid country lockdown,Economic Effects
how has covid affected cryptocurrencies,Economic Effects
which industries are likely to flourish during the covid pandemic,Economic Effects
what is it that is making the stock market even better amid the covid pandemic,Economic Effects
which covid symptom is first,Symptoms
what are the early symptoms of the covid,Symptoms
which covid symptoms appear first,Symptoms
are covid symptoms sudden,Symptoms
what covid feels like,Symptoms
do covid symptoms come on quickly,Symptoms
do covid symptoms come on suddenly,Symptoms
what illness is caused by the covid covid,Symptoms
what covid symptoms,Symptoms
what are the symptoms of covid 2019,Symptoms
do covid symptoms come and go,Symptoms
what are the symptoms and complications that covid can cause,Symptoms
have covid with no symptoms,Symptoms
does covid have any neurological symptoms,Symptoms
is it possible to have covid without any symptoms at all,Symptoms
is it true young people with covid are also having blood clots and strokes,Symptoms
what are the most common symptoms of covid,Symptoms
do covid symptoms come on fast,Symptoms
what is the name of the disease caused buy covid,Symptoms
who covid symptoms,Symptoms
which covid symptoms lead to death,Having COVID
why are some people asymptomatic while others can be highly symptomatic with the covid,Having COVID
does covid cause permanent lung damage,Having COVID
had covid and recovered,Having COVID
what covid does to your body,Having COVID
if infected with covid can you survive it and recover,Having COVID
how long does it take to recover,Having COVID
does covid go away,Having COVID
will covid kill me,Having COVID
what covid do,Having COVID
why are so many people who get the covid asymptomatic,Having COVID
how covid attacks the body,Having COVID
does covid cause irreversible damage to the respiratory system,Having COVID
how long is the incubation period for covid,Having COVID
for how long do people stay infected with covid,Having COVID
is covid deadly,Having COVID
what lasting health impact will covid have on those who recover from covid,Having COVID
can old people with covid survive,Having COVID
what covid does to the body,Having COVID
how does the covid virus cause death in the infected patient,Having COVID
what would you do if you found out you had covid,Individual Response
what are your tips for staying productive while staying home during the covid pandemic,Individual Response
how do we cope with stress during covid,Individual Response
what do i do if i think im sick,Individual Response
have you changed any of your plans due to covid,Individual Response
what can i do if my loved one suspects they have covid,Individual Response
why are so many people not taking the covid threat seriously,Individual Response
how are you using the sudden surplus of time you have due to the covid social distancing and closures,Individual Response
what are you doing to spend time while staying home due to covid,Individual Response
what is the one thing you want to do when covid is over,Individual Response
why are people visiting the beaches during the covid crisis,Individual Response
why are the naysayers saying the covid isnt real,Individual Response
whats something youve enjoyed since covid quarantining,Individual Response
how are you planning to spend the next 21 curfew days due to covid,Individual Response
should i cancel my trip,Individual Response
what should i do if someone in my house gets sick with covid,Individual Response
would you consider getting a vaccine for covid,Individual Response
will you take a mandatory covid vaccine,Individual Response
are covid hoax hypotheses a form of denial based coping,Individual Response
what should you do if you suspect you have covid,Individual Response
